frame,timestamp,fish_y,sweet_y,distance,velocity,action,is_holding
5,1765649858.9245672,151,153,-2,0.06,RELEASE,False
10,1765649859.024531,152,153,-1,0.00,RELEASE,False
15,1765649859.1226926,152,154,-2,0.13,RELEASE,False
20,1765649859.2230275,151,154,-3,0.00,HOLD,True
25,1765649859.3254988,152,156,-4,0.53,HOLD,True
30,1765649859.4484293,151,157,-6,0.05,HOLD,True
35,1765649859.5584848,152,154,-2,-0.34,RELEASE,False
40,1765649859.6815045,151,150,1,-0.85,RELEASE,False
45,1765649859.8056583,151,145,6,-1.68,RELEASE,False
50,1765649859.9097488,151,142,9,-0.40,HOLD,True
55,1765649860.0123816,151,135,16,-1.17,HOLD,True
60,1765649860.1600118,152,128,24,-1.66,RELEASE,False
65,1765649860.2526312,152,128,24,-0.05,RELEASE,False
70,1765649860.3503213,152,133,19,1.44,HOLD,True
75,1765649860.4571295,151,139,12,1.36,HOLD,True
80,1765649860.5628254,151,144,7,1.26,HOLD,True
85,1765649860.6874187,151,152,-1,1.51,RELEASE,False
90,1765649860.8158882,152,158,-6,0.80,RELEASE,False
95,1765649860.921252,151,161,-10,0.65,RELEASE,False
100,1765649861.0283184,152,167,-15,1.24,HOLD,True
105,1765649861.121807,152,170,-18,0.69,HOLD,True
110,1765649861.236876,151,170,-19,-0.23,HOLD,True
115,1765649861.3408084,155,169,-14,-0.07,HOLD,True
120,1765649861.4376128,157,167,-10,-0.31,RELEASE,False
125,1765649861.5523224,160,165,-5,-0.54,HOLD,True
130,1765649861.6534567,162,160,2,-0.64,HOLD,True
135,1765649861.7777658,165,152,13,-1.80,RELEASE,False
140,1765649861.862476,167,147,20,-1.12,RELEASE,False
145,1765649861.9664001,169,145,24,-0.66,RELEASE,False
150,1765649862.0764747,172,147,25,0.73,RELEASE,False
155,1765649862.1592984,174,153,21,1.30,RELEASE,False
160,1765649862.2884555,176,165,11,1.82,RELEASE,False
165,1765649862.39133,178,177,1,1.99,RELEASE,False
170,1765649862.5048018,180,190,-10,2.56,RELEASE,False
175,1765649862.6148078,181,203,-22,2.67,HOLD,True
180,1765649862.7057703,183,211,-28,1.08,HOLD,True
185,1765649862.8269596,184,216,-32,0.57,HOLD,True
190,1765649862.9190419,185,216,-31,-0.08,HOLD,True
195,1765649863.0286806,185,209,-24,-1.97,HOLD,True
200,1765649863.1142936,186,200,-14,-1.91,RELEASE,False
205,1765649863.2307215,188,188,0,-2.72,RELEASE,False
210,1765649863.3303854,188,178,10,-0.90,HOLD,True
215,1765649863.4665642,189,167,22,-1.75,RELEASE,False
220,1765649863.5606766,188,161,27,-0.84,RELEASE,False
225,1765649863.6677003,190,161,29,0.10,RELEASE,False
230,1765649863.7477653,189,166,23,0.97,RELEASE,False
235,1765649863.8592591,190,174,16,1.25,RELEASE,False
240,1765649863.9737191,189,185,4,1.88,RELEASE,False
245,1765649864.062635,190,193,-3,1.12,HOLD,True
250,1765649864.1816628,189,204,-15,1.94,HOLD,True
255,1765649864.2854033,190,212,-22,1.40,HOLD,True
260,1765649864.3867612,189,215,-26,0.23,HOLD,True
265,1765649874.7443724,152,152,0,0.00,HOLD,True
270,1765649874.8491921,151,154,-3,0.28,HOLD,True
275,1765649874.9742756,152,156,-4,0.10,RELEASE,False
280,1765649875.073783,151,158,-7,0.10,HOLD,True
285,1765649875.1914718,152,156,-4,-0.75,HOLD,True
290,1765649875.2764032,151,152,-1,-0.40,HOLD,True
295,1765649875.4081066,152,145,7,-1.11,HOLD,True
300,1765649875.520515,151,139,12,-1.38,RELEASE,False
305,1765649875.6415741,152,134,18,-1.61,RELEASE,False
310,1765649875.7393417,151,130,21,-0.64,RELEASE,False
315,1765649875.839224,152,129,23,-0.05,RELEASE,False
320,1765649875.9545066,151,133,18,0.90,RELEASE,False
325,1765649876.0658379,161,139,22,1.47,RELEASE,False
330,1765649876.1647003,173,148,25,1.86,RELEASE,False
335,1765649876.2847202,185,160,25,2.71,RELEASE,False
340,1765649876.377132,193,177,16,2.80,HOLD,True
345,1765649876.4713407,203,193,10,2.40,RELEASE,False
350,1765649876.592333,211,209,2,3.01,HOLD,True
355,1765649876.683543,219,219,0,1.81,HOLD,True
360,1765649876.8037987,224,227,-3,1.53,HOLD,True
365,1765649876.9113157,232,237,-5,1.27,RELEASE,False
370,1765649877.0441866,235,243,-8,1.01,RELEASE,False
375,1765649877.1427238,240,246,-6,0.25,RELEASE,False
380,1765649877.2382212,240,246,-6,0.01,HOLD,True
385,1765649877.3324084,242,246,-4,0.00,RELEASE,False
390,1765649877.4530914,241,246,-5,0.00,RELEASE,False
395,1765649877.5787623,242,246,-4,0.00,HOLD,True
400,1765649877.6963356,241,246,-5,0.00,HOLD,True
405,1765649877.8425875,242,246,-4,0.00,HOLD,True
410,1765649877.9570699,242,246,-4,0.00,RELEASE,False
415,1765649878.0549054,242,246,-4,0.00,RELEASE,False
420,1765649878.1549394,242,246,-4,0.00,RELEASE,False
425,1765649878.2798333,243,246,-3,0.00,HOLD,True
430,1765649878.3905294,243,246,-3,0.00,HOLD,True
435,1765649878.4764078,243,246,-3,0.00,HOLD,True
440,1765649878.593294,243,245,-2,-0.50,RELEASE,False
445,1765649878.6879532,243,244,-1,-0.27,RELEASE,False
450,1765649878.7695768,243,243,0,-0.04,RELEASE,False
455,1765649878.891429,227,241,-14,-0.16,HOLD,True
460,1765649878.9889178,198,235,-37,-1.79,HOLD,True
465,1765649879.1024034,172,227,-55,-1.99,HOLD,True
470,1765649879.2223234,143,207,-64,-3.66,HOLD,True
475,1765649879.3184466,123,185,-62,-5.33,HOLD,True
480,1765649879.439762,105,158,-53,-2.85,HOLD,True
485,1765649879.5434687,88,124,-36,-7.03,HOLD,True
490,1765649879.6436234,73,95,-22,-5.66,HOLD,True
495,1765649879.753938,65,72,-7,-5.24,RELEASE,False
500,1765649879.8615246,59,72,-13,-0.16,HOLD,True
505,1765649879.954594,55,72,-17,-0.01,HOLD,True
510,1765649880.0488694,53,72,-19,-0.00,HOLD,True
515,1765649880.125554,54,72,-18,-0.00,HOLD,True
520,1765649880.2216427,53,72,-19,-0.00,HOLD,True
525,1765649880.3435616,54,72,-18,-0.00,HOLD,True
530,1765649880.436747,53,72,-19,-0.00,HOLD,True
535,1765649880.5480075,54,72,-18,-0.00,HOLD,True
540,1765649880.6277344,53,72,-19,-0.00,HOLD,True
545,1765649880.7358837,53,72,-19,-0.00,HOLD,True
550,1765649880.8442996,53,72,-19,-0.00,HOLD,True
555,1765649880.9239469,53,72,-19,-0.00,HOLD,True
560,1765649881.0295541,53,72,-19,-0.00,HOLD,True
565,1765649881.1093345,53,72,-19,-0.00,HOLD,True
570,1765649881.2156322,53,72,-19,-0.00,HOLD,True
575,1765649881.2936466,54,72,-18,-0.00,HOLD,True
580,1765649881.3877306,55,72,-17,-0.00,HOLD,True
585,1765649922.15024,152,152,0,0.00,RELEASE,False
590,1765649922.262722,151,152,-1,0.19,HOLD,True
595,1765649922.3581774,152,151,1,-0.03,HOLD,True
600,1765649922.4735851,151,149,2,-1.00,HOLD,True
605,1765649922.57122,152,146,6,-0.56,RELEASE,False
610,1765649922.6825604,151,142,9,-0.74,RELEASE,False
615,1765649922.773799,152,139,13,-0.62,RELEASE,False
620,1765649922.8600988,151,136,15,-0.61,HOLD,True
625,1765649922.9696882,151,133,18,-0.30,HOLD,True
630,1765649923.0807278,151,129,22,-0.45,RELEASE,False
635,1765649923.1855998,151,131,20,0.36,HOLD,True
640,1765649923.2775517,152,135,17,0.92,HOLD,True
645,1765649923.3598192,151,138,13,0.37,HOLD,True
650,1765649923.483339,152,141,11,0.23,RELEASE,False
655,1765649923.5860627,151,145,6,0.44,RELEASE,False
660,1765649923.6801856,152,152,0,1.33,RELEASE,False
665,1765649923.7844782,151,159,-8,1.45,HOLD,True
670,1765649923.8870323,152,165,-13,1.58,HOLD,True
675,1765649924.0011811,151,172,-21,1.30,HOLD,True
680,1765649924.1134212,152,176,-24,0.48,HOLD,True
685,1765649924.205049,152,175,-23,-0.49,HOLD,True
690,1765649924.300321,151,170,-19,-0.80,HOLD,True
695,1765649924.4251869,152,160,-8,-1.46,HOLD,True
700,1765649924.522396,151,152,-1,-1.36,HOLD,True
705,1765649924.622464,151,145,6,-1.20,RELEASE,False
710,1765649924.736133,152,138,14,-1.10,RELEASE,False
715,1765649924.839211,146,134,12,-0.75,RELEASE,False
720,1765649924.9427285,128,129,-1,-0.30,HOLD,True
725,1765649925.0234892,114,126,-12,-0.60,HOLD,True
730,1765649925.1296716,100,122,-22,-0.61,HOLD,True
735,1765649925.2657404,88,116,-28,-1.80,HOLD,True
740,1765649925.389638,77,102,-25,-3.37,HOLD,True
745,1765649925.4816275,71,89,-18,-1.92,HOLD,True
750,1765649925.5957532,66,74,-8,-1.00,RELEASE,False
755,1765649925.6899319,65,74,-9,-0.03,HOLD,True
760,1765649925.7791116,65,74,-9,-0.00,HOLD,True
765,1765649925.8831632,66,74,-8,-0.00,HOLD,True
770,1765649926.000919,65,74,-9,-0.00,HOLD,True
775,1765649926.107031,66,74,-8,-0.00,HOLD,True
780,1765649926.199303,65,74,-9,-0.00,HOLD,True
785,1765649926.3002663,66,74,-8,-0.00,HOLD,True
790,1765649926.395162,65,74,-9,-0.00,HOLD,True
795,1765649926.5191798,66,74,-8,-0.00,HOLD,True
800,1765649926.615809,71,74,-3,-0.00,HOLD,True
805,1765649926.7259138,110,74,36,-0.00,RELEASE,False
810,1765649926.8288732,133,74,59,-0.00,RELEASE,False
815,1765649926.9501312,167,71,96,-1.50,RELEASE,False
820,1765649927.0393164,187,85,102,1.98,RELEASE,False
825,1765649927.1610339,209,111,98,4.41,RELEASE,False
830,1765649927.2552204,224,138,86,5.42,RELEASE,False
835,1765649927.3624184,236,165,71,5.58,RELEASE,False
840,1765649927.4734027,246,197,49,6.89,RELEASE,False
845,1765649927.5665698,250,224,26,4.40,RELEASE,False
850,1765649927.6608949,252,242,10,2.17,HOLD,True
855,1765649927.752294,252,242,10,0.07,RELEASE,False
860,1765649927.8657315,252,242,10,0.00,RELEASE,False
865,1765649927.9833372,252,242,10,0.00,RELEASE,False
870,1765649928.1011333,252,242,10,0.00,RELEASE,False
875,1765649928.2137315,252,242,10,0.00,RELEASE,False
880,1765649928.328,252,242,10,0.00,RELEASE,False
885,1765649928.4293797,252,242,10,0.00,RELEASE,False
890,1765649928.5650754,252,242,10,0.00,RELEASE,False
895,1765649928.660954,252,242,10,0.00,RELEASE,False
900,1765649928.739959,251,242,9,0.00,RELEASE,False
905,1765649928.8626337,229,242,-13,0.00,HOLD,True
910,1765649928.9435115,213,242,-29,0.00,HOLD,True
915,1765649929.0470994,195,242,-47,-0.50,HOLD,True
920,1765649929.1561413,181,230,-49,-2.17,HOLD,True
925,1765649929.2557395,170,211,-41,-2.85,HOLD,True
930,1765649929.3659205,161,183,-22,-4.93,HOLD,True
935,1765649929.4901161,154,157,-3,-3.81,RELEASE,False
940,1765649929.6069915,152,129,23,-4.34,RELEASE,False
945,1765649929.702521,152,116,36,-2.20,RELEASE,False
950,1765649929.8044398,151,106,45,-0.94,RELEASE,False
955,1765649929.8929229,151,100,51,-0.53,RELEASE,False
960,1765649930.0070312,152,100,52,0.05,RELEASE,False
965,1765649930.0955954,152,106,46,1.16,RELEASE,False
970,1765649930.2081337,152,118,34,2.19,RELEASE,False
975,1765649930.3126695,154,136,18,3.72,HOLD,True
980,1765649930.4277856,152,151,1,1.96,HOLD,True
985,1765649930.5470383,151,165,-14,2.41,RELEASE,False
990,1765649930.6592338,145,176,-31,2.08,HOLD,True
995,1765649930.7627153,141,182,-41,1.47,HOLD,True
1000,1765649930.8597846,136,181,-45,-0.45,HOLD,True
1005,1765649930.9894166,133,174,-41,-1.58,HOLD,True
1010,1765649931.0925462,128,160,-32,-2.39,HOLD,True
1015,1765649931.2001078,127,143,-16,-3.11,RELEASE,False
1020,1765649931.2980995,124,126,-2,-3.13,RELEASE,False
1025,1765649931.3990164,122,115,7,-1.91,RELEASE,False
1030,1765649931.510818,121,101,20,-2.62,RELEASE,False
1035,1765649939.9195597,152,152,0,0.00,HOLD,True
1040,1765649940.0171585,151,151,0,-0.06,HOLD,True
1045,1765649940.145728,152,149,3,-0.25,HOLD,True
1050,1765649940.256559,151,145,6,-0.60,RELEASE,False
1055,1765649940.350379,152,143,9,-0.30,RELEASE,False
1060,1765649940.4454758,151,139,12,-0.82,RELEASE,False
1065,1765649940.5551357,152,136,16,-0.62,HOLD,True
1070,1765649940.6906056,151,131,20,-0.30,HOLD,True
1075,1765649940.770079,152,126,26,-0.76,RELEASE,False
1080,1765649940.878304,151,127,24,0.48,RELEASE,False
1085,1765649940.982529,152,132,20,0.73,HOLD,True
1090,1765649941.0823603,151,139,12,1.49,HOLD,True
1095,1765649941.1815083,152,143,9,0.52,HOLD,True
1100,1765649941.2876332,152,148,4,1.23,RELEASE,False
1105,1765649941.4182498,152,155,-3,1.48,RELEASE,False
1110,1765649941.5356815,151,162,-11,1.51,RELEASE,False
1115,1765649941.6466875,152,167,-15,0.58,HOLD,True
1120,1765649941.749152,151,174,-23,1.36,HOLD,True
1125,1765649941.8733897,152,178,-26,0.45,HOLD,True
1130,1765649941.9567094,151,175,-24,-1.05,HOLD,True
1135,1765649942.0563908,151,169,-18,-1.53,HOLD,True
1140,1765649942.1717083,152,158,-6,-2.52,HOLD,True
1145,1765649942.2840712,151,144,7,-2.77,RELEASE,False
1150,1765649942.3778608,152,135,17,-2.46,RELEASE,False
1155,1765649942.4869967,151,127,24,-1.67,RELEASE,False
1160,1765649942.6137567,152,124,28,-0.24,RELEASE,False
1165,1765649942.7101848,151,128,23,0.84,RELEASE,False
1170,1765649942.8236475,152,137,15,2.15,RELEASE,False
1175,1765649942.9235232,151,145,6,1.29,HOLD,True
1180,1765649943.0311058,152,153,-1,1.48,HOLD,True
1185,1765649943.1372652,151,162,-11,1.58,HOLD,True
1190,1765649943.2463021,152,168,-16,1.11,RELEASE,False
1195,1765649943.3724923,151,178,-27,1.19,HOLD,True
1200,1765649943.4655306,151,180,-29,0.10,HOLD,True
1205,1765649943.5734036,152,178,-26,-0.50,HOLD,True
1210,1765649943.674175,152,169,-17,-1.80,HOLD,True
1215,1765649943.7567499,152,160,-8,-1.81,HOLD,True
1220,1765649943.8735738,152,147,5,-2.40,HOLD,True
1225,1765649943.9588108,152,137,15,-1.45,RELEASE,False
1230,1765649944.093578,152,127,25,-1.76,RELEASE,False
1235,1765649944.2062178,153,125,28,-0.15,RELEASE,False
1240,1765649944.285252,153,128,25,0.81,RELEASE,False
1245,1765649944.407123,153,137,16,1.90,RELEASE,False
1250,1765649944.5177822,153,146,7,1.22,HOLD,True
1255,1765649944.6283743,152,156,-4,1.82,HOLD,True
1260,1765649944.717828,152,164,-12,1.34,HOLD,True
1265,1765649944.830176,152,170,-18,0.85,RELEASE,False
1270,1765649944.906475,151,177,-26,1.18,HOLD,True
1275,1765649945.0009048,152,179,-27,0.19,HOLD,True
1280,1765649945.1235807,153,176,-23,-1.12,HOLD,True
1285,1765649945.2184534,151,169,-18,-1.41,RELEASE,False
1290,1765649945.3140705,161,161,0,-1.79,RELEASE,False
1295,1765649945.4226854,167,153,14,-1.65,HOLD,True
1300,1765649945.5186555,170,146,24,-1.21,RELEASE,False
1305,1765649956.4151115,151,154,-3,0.50,RELEASE,False
1310,1765649956.533498,152,157,-5,0.61,RELEASE,False
1315,1765649956.626237,151,161,-10,0.68,RELEASE,False
1320,1765649956.7384548,152,166,-14,0.77,HOLD,True
1325,1765649956.8542073,151,171,-20,1.09,HOLD,True
1330,1765649956.950368,151,173,-22,0.13,HOLD,True
1335,1765649957.0554059,152,171,-19,-0.75,HOLD,True
1340,1765649957.1794279,151,164,-13,-1.52,HOLD,True
1345,1765649957.2849069,151,154,-3,-1.80,HOLD,True
1350,1765649957.3833034,151,144,7,-2.12,RELEASE,False
1355,1765649957.48608,151,135,16,-1.91,RELEASE,False
1360,1765649957.5885444,151,126,25,-2.06,RELEASE,False
1365,1765649957.712853,151,123,28,-0.28,RELEASE,False
1370,1765649957.8110263,152,126,26,0.77,RELEASE,False
1375,1765649957.9272795,151,136,15,1.65,RELEASE,False
1380,1765649958.047744,152,142,10,0.77,RELEASE,False
1385,1765649958.1586368,151,152,-1,1.43,HOLD,True
1390,1765649958.2626195,152,161,-9,1.76,HOLD,True
1395,1765649958.372591,151,168,-17,1.56,HOLD,True
1400,1765649958.4824014,152,176,-24,1.20,HOLD,True
1405,1765649958.5920413,151,177,-26,0.10,HOLD,True
1410,1765649958.6934924,151,172,-21,-0.97,HOLD,True
1415,1765649958.7862117,151,163,-12,-1.84,RELEASE,False
1420,1765649958.8925736,151,153,-2,-1.71,RELEASE,False
1425,1765649958.984374,151,144,7,-2.24,RELEASE,False
1430,1765649959.0900536,151,135,16,-1.98,HOLD,True
1435,1765649959.1850111,151,123,28,-2.06,RELEASE,False
1440,1765649959.2907448,151,118,33,-0.53,RELEASE,False
1445,1765649959.4010236,152,116,36,-0.11,RELEASE,False
1450,1765649959.513331,151,119,32,0.68,RELEASE,False
1455,1765649959.6069543,151,127,24,1.65,RELEASE,False
1460,1765649959.7145026,151,139,12,1.74,RELEASE,False
1465,1765649959.819292,152,155,-3,2.96,HOLD,True
1470,1765649959.9158964,151,163,-12,1.09,RELEASE,False
1475,1765649960.0180488,154,176,-22,1.66,HOLD,True
1480,1765649960.131199,157,182,-25,0.99,HOLD,True
1485,1765649960.233377,160,183,-23,0.06,HOLD,True
1490,1765649960.3260806,161,179,-18,-0.69,RELEASE,False
1495,1765649960.432661,164,172,-8,-1.49,HOLD,True
1500,1765649960.5344706,166,167,-1,-0.64,HOLD,True
1505,1765649960.6314683,168,162,6,-0.83,HOLD,True
1510,1765649960.7280152,170,157,13,-0.99,RELEASE,False
1515,1765649960.8348875,172,152,20,-0.69,RELEASE,False
1520,1765649960.9439106,173,150,23,-0.34,RELEASE,False
1525,1765649961.0556512,174,151,23,0.58,RELEASE,False
1530,1765649961.1523108,176,154,22,0.61,RELEASE,False
1535,1765649961.2544637,177,163,14,1.58,RELEASE,False
1540,1765649961.3683856,178,171,7,1.30,RELEASE,False
1545,1765649961.4874604,179,183,-4,2.35,HOLD,True
1550,1765649961.5964127,181,191,-10,1.85,HOLD,True
1555,1765649961.683071,174,196,-22,0.68,HOLD,True
1560,1765649961.7840178,180,200,-20,0.65,HOLD,True
1565,1765649961.8991096,177,198,-21,-0.54,HOLD,True
1570,1765649962.036754,175,192,-17,-0.99,RELEASE,False
1575,1765649962.1589675,179,187,-8,-1.25,RELEASE,False
1580,1765649962.25894,179,185,-6,-0.57,RELEASE,False
1585,1765649970.322895,152,153,-1,0.00,HOLD,True
1590,1765649970.4289303,151,153,-2,0.00,HOLD,True
1595,1765649970.5217583,152,154,-2,0.03,RELEASE,False
1600,1765649970.6305923,151,155,-4,0.06,RELEASE,False
1605,1765649970.7239442,152,156,-4,0.25,RELEASE,False
1610,1765649970.8023946,152,156,-4,0.01,HOLD,True
1615,1765649970.9361706,152,157,-5,0.50,HOLD,True
1620,1765649971.0352495,152,156,-4,-0.23,HOLD,True
1625,1765649971.1364872,151,154,-3,-0.38,RELEASE,False
1630,1765649971.243003,152,151,1,-0.42,RELEASE,False
1635,1765649971.3481734,151,148,3,-0.33,RELEASE,False
1640,1765649971.461044,151,145,6,-0.60,HOLD,True
1645,1765649971.5387585,151,144,7,-0.08,RELEASE,False
1650,1765649971.6462255,151,145,6,0.50,HOLD,True
1655,1765649971.7725902,151,148,3,0.61,HOLD,True
1660,1765649971.8515153,151,151,0,0.73,RELEASE,False
1665,1765649971.9593241,152,152,0,0.09,RELEASE,False
1670,1765649972.0497367,157,153,4,0.13,RELEASE,False
1675,1765649972.1468291,173,154,19,0.25,HOLD,True
1680,1765649972.2407126,191,158,33,0.91,RELEASE,False
1685,1765649972.324041,200,164,36,0.93,RELEASE,False
1690,1765649972.4387398,212,175,37,1.25,RELEASE,False
1695,1765649972.5391479,223,192,31,1.60,RELEASE,False
1700,1765649972.6460476,231,215,16,4.36,HOLD,True
1705,1765649972.7388039,237,239,-2,4.82,HOLD,True
1710,1765649972.8508568,240,239,1,0.15,RELEASE,False
1715,1765649972.9482586,242,239,3,0.00,RELEASE,False
1720,1765649973.0456803,242,239,3,0.00,RELEASE,False
1725,1765649973.1492114,242,239,3,0.00,HOLD,True
1730,1765649973.2706716,242,239,3,0.00,HOLD,True
1735,1765649973.3826458,242,246,-4,1.75,RELEASE,False
1740,1765649973.4940677,242,242,0,-0.76,RELEASE,False
1745,1765649973.5949266,242,239,3,-0.34,RELEASE,False
1750,1765649973.6987345,242,236,6,-0.20,HOLD,True
1755,1765649973.8149185,242,231,11,-0.76,HOLD,True
1760,1765649973.9144242,242,226,16,-0.99,HOLD,True
1765,1765649974.006145,224,222,2,-0.97,RELEASE,False
1770,1765649974.087525,214,219,-5,-0.66,RELEASE,False
1775,1765649974.2093096,197,215,-18,-0.36,RELEASE,False
1780,1765649974.3145773,182,210,-28,-0.82,HOLD,True
1785,1765649974.4306614,171,201,-30,-1.74,HOLD,True
1790,1765649974.5242038,161,183,-22,-4.37,HOLD,True
1795,1765649974.6224177,155,167,-12,-3.82,RELEASE,False
1800,1765649974.7595654,148,144,4,-5.53,RELEASE,False
1805,1765649974.8796895,145,132,13,-3.20,RELEASE,False
1810,1765649974.990082,145,122,23,-1.73,RELEASE,False
1815,1765649975.1051438,145,118,27,-0.90,RELEASE,False
1820,1765649975.217331,144,119,25,0.10,RELEASE,False
1825,1765649975.3164911,145,127,18,1.41,HOLD,True
1830,1765649975.4336731,144,135,9,1.92,HOLD,True
1835,1765649975.5444314,145,140,5,1.00,HOLD,True
1840,1765649975.6576335,144,148,-4,1.25,RELEASE,False
1845,1765649975.7435079,144,151,-7,1.14,RELEASE,False
1850,1765649975.8260388,144,156,-12,1.00,RELEASE,False
1855,1765649975.9208283,144,162,-18,1.13,HOLD,True
1860,1765649976.0171113,144,167,-23,0.79,HOLD,True
1865,1765649976.1093705,119,169,-50,0.27,HOLD,True
1870,1765649976.2052748,97,166,-69,-0.65,HOLD,True
1875,1765649976.3113723,78,157,-79,-2.27,HOLD,True
1880,1765649976.4458873,68,140,-72,-4.01,HOLD,True
1885,1765649976.5611002,65,113,-48,-5.94,HOLD,True
1890,1765649976.670828,65,86,-21,-5.44,HOLD,True
1895,1765649976.7938862,66,73,-7,-0.73,RELEASE,False
1900,1765649976.8864946,65,73,-8,-0.02,HOLD,True
1905,1765649976.994023,66,73,-7,-0.00,HOLD,True
1910,1765649977.097809,113,73,40,-0.00,RELEASE,False
1915,1765649977.209452,165,73,92,-0.00,RELEASE,False
1920,1765649977.296103,200,73,127,-0.00,RELEASE,False
1925,1765649977.400839,221,79,142,2.25,RELEASE,False
1930,1765649977.5112245,231,103,128,5.82,RELEASE,False
1935,1765649977.6152742,231,128,103,6.74,RELEASE,False
1940,1765649977.7194488,231,156,75,5.05,RELEASE,False
1945,1765649977.835644,231,183,48,3.56,RELEASE,False
1950,1765649977.9324927,230,210,20,4.17,HOLD,True
1955,1765649978.027011,231,239,-8,4.72,HOLD,True
1960,1765649978.1524704,190,246,-56,0.37,HOLD,True
1965,1765649978.2746649,145,246,-101,0.01,HOLD,True
1970,1765649978.3691626,113,240,-127,-1.81,HOLD,True
1975,1765649978.4790592,85,222,-137,-3.59,HOLD,True
1980,1765649978.5827162,64,201,-137,-3.89,HOLD,True
1985,1765649978.6686118,61,180,-119,-4.34,HOLD,True
1990,1765649978.7891648,56,143,-87,-6.48,HOLD,True
1995,1765649978.8964367,57,121,-64,-5.33,HOLD,True
2000,1765649978.989821,56,89,-33,-5.85,HOLD,True
2005,1765649979.0948834,55,72,-17,-2.43,HOLD,True
2010,1765649979.20542,56,72,-16,-0.08,HOLD,True
2015,1765649979.3144135,57,72,-15,-0.00,HOLD,True
2020,1765649979.4134738,58,72,-14,-0.00,HOLD,True
2025,1765649979.5369685,71,72,-1,-0.00,HOLD,True
2030,1765649979.6289792,91,72,19,-0.00,RELEASE,False
2035,1765649979.7282667,106,72,34,-0.00,RELEASE,False
2040,1765649979.8410957,130,72,58,-0.00,RELEASE,False
2045,1765649980.020242,150,95,55,6.91,RELEASE,False
2050,1765649980.1545825,164,130,34,6.00,RELEASE,False
2055,1765649980.2382119,179,157,22,5.09,RELEASE,False
2060,1765649980.3571908,184,183,1,5.13,HOLD,True
2065,1765649980.4822986,173,207,-34,3.50,HOLD,True
2070,1765649980.5782285,186,222,-36,2.30,HOLD,True
2075,1765649980.6925616,190,234,-44,1.88,HOLD,True
2080,1765649980.7989097,186,237,-51,0.40,HOLD,True
2085,1765649980.905589,188,235,-47,-0.74,HOLD,True
2090,1765649981.0018642,194,229,-35,-0.77,HOLD,True
2095,1765649981.0915108,193,218,-25,-1.87,HOLD,True
2100,1765649981.1912653,193,203,-10,-2.40,RELEASE,False
2105,1765649981.3020728,197,188,9,-1.67,RELEASE,False
2110,1765649981.411628,190,177,13,-1.96,RELEASE,False
2115,1765649981.5017104,190,169,21,-1.12,RELEASE,False
2120,1765649992.4516423,152,151,1,-0.25,RELEASE,False
2125,1765649992.5783782,152,153,-1,0.09,RELEASE,False
2130,1765649992.7047598,151,155,-4,0.32,RELEASE,False
2135,1765649992.8317873,152,156,-4,0.54,HOLD,True
2140,1765649992.951485,151,156,-5,0.02,HOLD,True
2145,1765649993.0692065,152,154,-2,-0.56,HOLD,True
2150,1765649993.1667693,151,153,-2,-0.27,RELEASE,False
2155,1765649993.2790065,152,150,2,-0.14,HOLD,True
2160,1765649993.372502,151,146,5,-1.45,RELEASE,False
2165,1765649993.486847,152,142,10,-0.95,HOLD,True
2170,1765649993.6215966,151,132,19,-1.97,HOLD,True
2175,1765649993.7327425,152,125,27,-1.31,RELEASE,False
2180,1765649993.8280694,152,123,29,-0.10,RELEASE,False
2185,1765649993.91756,154,125,29,0.75,RELEASE,False
2190,1765649994.0290926,155,134,21,2.55,RELEASE,False
2195,1765649994.1395423,157,145,12,0.95,RELEASE,False
2200,1765649994.2519388,157,159,-2,2.31,HOLD,True
2205,1765649994.3563745,159,171,-12,2.20,RELEASE,False
2210,1765649994.4515126,159,179,-20,1.51,RELEASE,False
2215,1765649994.5820272,161,190,-29,1.95,HOLD,True
2220,1765649994.666516,161,193,-32,0.72,HOLD,True
2225,1765649994.7778442,162,191,-29,-0.60,HOLD,True
2230,1765649994.8684392,161,185,-24,-0.83,HOLD,True
2235,1765649994.9796808,161,172,-11,-2.96,RELEASE,False
2240,1765649995.0732586,161,164,-3,-0.91,RELEASE,False
2245,1765649995.1972342,162,152,10,-1.97,HOLD,True
2250,1765649995.3068786,162,143,19,-0.91,HOLD,True
2255,1765649995.4210827,162,132,30,-1.59,RELEASE,False
2260,1765649995.5231693,162,128,34,-0.42,RELEASE,False
2265,1765649995.6336582,162,129,33,0.49,RELEASE,False
2270,1765649995.733845,162,135,27,1.08,RELEASE,False
2275,1765649995.8540132,163,149,14,3.47,HOLD,True
2280,1765649995.9596589,162,162,0,2.36,RELEASE,False
2285,1765649996.058605,163,172,-9,1.73,RELEASE,False
2290,1765649996.1615226,162,184,-22,2.49,HOLD,True
2295,1765649996.2718344,165,191,-26,0.73,HOLD,True
2300,1765649996.3836513,170,194,-24,0.21,HOLD,True
2305,1765649996.4915102,173,190,-17,-0.59,RELEASE,False
2310,1765649996.597469,176,185,-9,-1.21,RELEASE,False
2315,1765649996.723328,179,181,-2,-0.41,HOLD,True
2320,1765649996.8329508,180,177,3,-0.48,HOLD,True
2325,1765649996.9378395,181,173,8,-0.80,HOLD,True
2330,1765649997.035851,180,169,11,-0.87,RELEASE,False
2335,1765649997.137394,180,164,16,-0.96,RELEASE,False
2340,1765649997.238845,181,159,22,-0.81,RELEASE,False
2345,1765649997.3469994,180,156,24,-0.18,RELEASE,False
2350,1765649997.4520283,177,158,19,0.49,HOLD,True
2355,1765649997.5640972,181,163,18,0.92,HOLD,True
2360,1765649997.6927655,178,168,10,0.47,RELEASE,False
2365,1765649997.7878356,186,174,12,1.01,RELEASE,False
2370,1765649997.888506,208,183,25,2.03,RELEASE,False
2375,1765649998.0008953,223,196,27,3.50,RELEASE,False
2380,1765649998.1268132,239,222,17,5.92,HOLD,True
2385,1765650008.3308496,152,152,0,0.00,HOLD,True
2390,1765650008.4473915,151,150,1,-0.38,RELEASE,False
2395,1765650008.5558796,152,150,2,-0.38,HOLD,True
2400,1765650008.651855,151,151,0,0.02,RELEASE,False
2405,1765650008.7427065,152,152,0,0.25,RELEASE,False
2410,1765650008.8523462,151,154,-3,0.63,HOLD,True
2415,1765650008.9808795,152,156,-4,1.02,HOLD,True
2420,1765650009.0885727,151,157,-6,0.09,HOLD,True
2425,1765650009.1786408,152,159,-7,0.16,RELEASE,False
2430,1765650009.2937639,151,163,-12,0.41,RELEASE,False
2435,1765650009.405555,152,167,-15,0.73,RELEASE,False
2440,1765650009.500039,151,170,-19,0.46,HOLD,True
2445,1765650009.5974386,152,173,-21,0.30,HOLD,True
2450,1765650009.710716,151,172,-21,-0.96,HOLD,True
2455,1765650009.8344107,152,165,-13,-1.44,RELEASE,False
2460,1765650009.9562263,151,159,-8,-1.51,RELEASE,False
2465,1765650010.0510871,152,154,-2,-1.20,RELEASE,False
2470,1765650010.1880608,151,147,4,-1.01,HOLD,True
2475,1765650010.2760217,152,142,10,-0.34,HOLD,True
2480,1765650010.4034224,151,132,19,-1.64,HOLD,True
2485,1765650010.4881852,151,126,25,-1.11,RELEASE,False
2490,1765650010.6124327,151,124,27,-0.19,RELEASE,False
2495,1765650010.7099426,151,129,22,0.96,RELEASE,False
2500,1765650010.82574,152,137,15,2.12,RELEASE,False
2505,1765650010.9502265,152,148,4,1.35,HOLD,True
2510,1765650011.0654414,152,159,-7,1.51,HOLD,True
2515,1765650011.1735034,152,167,-15,1.42,RELEASE,False
2520,1765650011.2772453,156,174,-18,1.14,RELEASE,False
2525,1765650011.389348,164,183,-19,1.41,RELEASE,False
2530,1765650011.4918008,172,191,-19,1.51,HOLD,True
2535,1765650011.6056569,180,200,-20,2.11,HOLD,True
2540,1765650011.7016134,184,205,-21,1.41,HOLD,True
2545,1765650011.8196635,191,212,-21,0.79,HOLD,True
2550,1765650011.9143565,197,212,-15,0.02,HOLD,True
2555,1765650012.0204127,201,207,-6,-0.97,RELEASE,False
2560,1765650012.1334,208,203,5,-0.75,RELEASE,False
2565,1765650012.256873,212,199,13,-0.87,RELEASE,False
2570,1765650012.3493536,217,195,22,-0.71,RELEASE,False
2575,1765650012.4576502,220,194,26,0.20,RELEASE,False
2580,1765650012.5798452,226,199,27,1.44,RELEASE,False
2585,1765650012.6929214,228,210,18,2.14,HOLD,True
2590,1765650012.7992017,232,221,11,1.50,RELEASE,False
2595,1765650012.9076855,234,233,1,2.48,RELEASE,False
2600,1765650013.0254533,238,245,-7,1.20,HOLD,True
2605,1765650013.1445756,238,245,-7,0.04,HOLD,True
2610,1765650013.2707827,239,245,-6,0.00,HOLD,True
2615,1765650013.375814,241,245,-4,0.00,RELEASE,False
2620,1765650013.4956946,242,238,4,-1.03,HOLD,True
2625,1765650013.5833683,243,233,10,-1.00,HOLD,True
2630,1765650013.669277,241,226,15,-1.44,HOLD,True
2635,1765650013.8056567,243,218,25,-1.33,RELEASE,False
2640,1765650013.9147444,244,216,28,-0.14,RELEASE,False
2645,1765650022.5881624,152,152,0,0.00,RELEASE,False
2650,1765650022.6807199,151,153,-2,0.12,HOLD,True
2655,1765650022.781556,152,154,-2,0.50,HOLD,True
2660,1765650022.8829155,151,154,-3,0.02,HOLD,True
2665,1765650022.983639,152,154,-2,-0.22,RELEASE,False
2670,1765650023.0877,151,154,-3,-0.01,RELEASE,False
2675,1765650023.2095513,152,155,-3,0.12,RELEASE,False
2680,1765650023.3090494,151,156,-5,0.54,HOLD,True
2685,1765650023.4316585,151,158,-7,0.39,HOLD,True
2690,1765650023.5647757,151,161,-10,0.61,HOLD,True
2695,1765650023.678736,152,160,-8,-0.48,HOLD,True
2700,1765650023.7833185,151,155,-4,-1.23,HOLD,True
2705,1765650023.8911846,152,148,4,-1.32,RELEASE,False
2710,1765650023.9845645,151,142,9,-1.04,RELEASE,False
2715,1765650024.0675614,151,137,14,-0.81,RELEASE,False
2720,1765650024.1743758,152,133,19,-0.46,HOLD,True
2725,1765650024.263526,151,127,24,-1.01,RELEASE,False
2730,1765650024.3939276,152,128,24,0.44,RELEASE,False
2735,1765650024.5285864,152,134,18,1.39,RELEASE,False
2740,1765650024.6367507,149,143,6,1.67,HOLD,True
2745,1765650024.7332342,136,151,-15,3.23,HOLD,True
2750,1765650024.8306751,124,159,-35,0.66,HOLD,True
2755,1765650024.9211574,115,164,-49,0.27,HOLD,True
2760,1765650025.0578923,102,163,-61,-0.59,HOLD,True
2765,1765650025.1627104,91,154,-63,-2.02,HOLD,True
2770,1765650025.2585444,82,141,-59,-2.63,HOLD,True
2775,1765650025.3652654,74,123,-49,-4.49,HOLD,True
2780,1765650025.4877648,65,91,-26,-6.36,HOLD,True
2785,1765650025.5805147,58,73,-15,-3.01,RELEASE,False
2790,1765650025.6898456,53,73,-20,-0.09,HOLD,True
2795,1765650025.7686431,49,73,-24,-0.00,HOLD,True
2800,1765650025.8915427,43,73,-30,-0.00,HOLD,True
2805,1765650026.0066662,40,73,-33,-0.00,HOLD,True
2810,1765650026.102124,37,73,-36,-0.00,HOLD,True
2815,1765650026.195216,36,73,-37,-0.00,HOLD,True
2820,1765650026.3218973,33,73,-40,-0.00,HOLD,True
2825,1765650026.4344351,34,73,-39,-0.00,HOLD,True
2830,1765650026.5566165,33,73,-40,-0.00,HOLD,True
2835,1765650026.6466491,34,73,-39,-0.00,HOLD,True
2840,1765650026.762697,33,73,-40,-0.00,HOLD,True
2845,1765650026.8510294,34,73,-39,-0.00,HOLD,True
2850,1765650026.9484258,33,73,-40,-0.00,HOLD,True
2855,1765650027.0641282,34,73,-39,-0.00,HOLD,True
2860,1765650027.1975858,33,73,-40,-0.00,HOLD,True
2865,1765650027.318042,34,73,-39,-0.00,HOLD,True
2870,1765650027.450244,33,73,-40,-0.00,HOLD,True
2875,1765650027.5374506,34,73,-39,-0.00,HOLD,True
2880,1765650027.6450458,33,73,-40,-0.00,HOLD,True
2885,1765650027.7404513,34,73,-39,-0.00,HOLD,True
2890,1765650027.830536,33,73,-40,-0.00,HOLD,True
2895,1765650027.9305646,33,73,-40,-0.00,HOLD,True
2900,1765650028.0377302,33,73,-40,-0.00,HOLD,True
2905,1765650028.1443503,33,73,-40,-0.00,HOLD,True
2910,1765650028.2530274,41,73,-32,-0.00,HOLD,True
2915,1765650028.3462083,50,73,-23,-0.00,HOLD,True
2920,1765650028.4588563,63,73,-10,-0.00,HOLD,True
2925,1765650028.567565,74,73,1,-0.00,RELEASE,False
2930,1765650028.6749394,85,73,12,-0.00,RELEASE,False
2935,1765650028.7702162,93,73,20,-0.00,RELEASE,False
2940,1765650028.8652413,103,71,32,-1.00,RELEASE,False
2945,1765650028.9913394,113,92,21,3.38,RELEASE,False
2950,1765650029.100942,123,117,6,3.54,HOLD,True
2955,1765650029.20699,132,136,-4,3.11,HOLD,True
2960,1765650029.2876194,138,146,-8,2.28,RELEASE,False
2965,1765650040.0208395,152,152,0,0.00,RELEASE,False
2970,1765650040.1118014,151,153,-2,0.50,RELEASE,False
2975,1765650040.211006,152,153,-1,0.05,HOLD,True
2980,1765650040.325633,151,154,-3,0.50,HOLD,True
2985,1765650040.4302597,152,154,-2,0.02,HOLD,True
2990,1765650040.533355,151,154,-3,0.00,RELEASE,False
2995,1765650040.6249352,152,155,-3,0.06,RELEASE,False
3000,1765650040.721807,151,156,-5,0.06,RELEASE,False
3005,1765650040.8257902,152,158,-6,0.63,HOLD,True
3010,1765650040.9199135,151,159,-8,0.52,HOLD,True
3015,1765650041.0399623,152,156,-4,-0.77,HOLD,True
3020,1765650041.1277559,152,153,-1,-0.24,HOLD,True
3025,1765650041.2539442,152,145,7,-1.57,HOLD,True
3030,1765650041.3424184,152,141,11,-0.77,RELEASE,False
3035,1765650041.4718661,152,134,18,-1.74,RELEASE,False
3040,1765650041.5525398,152,130,22,-0.65,RELEASE,False
3045,1765650041.6410687,151,127,24,-0.71,RELEASE,False
3050,1765650041.7550228,152,129,23,0.60,RELEASE,False
3055,1765650041.831857,151,133,18,0.64,RELEASE,False
3060,1765650041.9288702,152,139,13,1.11,RELEASE,False
3065,1765650042.0457678,151,144,7,1.32,RELEASE,False
3070,1765650042.1457908,152,149,3,1.45,HOLD,True
3075,1765650042.2646644,151,152,-1,0.64,HOLD,True
3080,1765650042.3674612,152,155,-3,0.80,HOLD,True
3085,1765650042.4860206,151,158,-7,0.62,RELEASE,False
3090,1765650042.5826452,152,161,-9,0.43,RELEASE,False
3095,1765650042.6876,151,164,-13,0.70,RELEASE,False
3100,1765650042.7797287,152,167,-15,0.80,HOLD,True
3105,1765650042.8846176,151,169,-18,0.65,HOLD,True
3110,1765650042.9985223,153,172,-19,0.80,HOLD,True
3115,1765650043.096368,154,175,-21,0.68,HOLD,True
3120,1765650043.1964111,155,175,-20,-0.17,HOLD,True
3125,1765650043.3289416,157,174,-17,-0.04,HOLD,True
3130,1765650043.4331148,159,172,-13,-0.28,RELEASE,False
3135,1765650043.5196183,161,171,-10,-0.04,HOLD,True
3140,1765650043.641922,161,164,-3,-1.13,RELEASE,False
3145,1765650043.742853,164,157,7,-1.85,RELEASE,False
3150,1765650043.8636081,165,148,17,-2.03,RELEASE,False
3155,1765650043.9695024,166,142,24,-0.69,RELEASE,False
3160,1765650044.099912,167,141,26,-0.05,RELEASE,False
3165,1765650044.1955085,169,147,22,1.44,RELEASE,False
3170,1765650044.3116753,169,158,11,2.17,RELEASE,False
3175,1765650044.412897,171,165,6,1.16,RELEASE,False
3180,1765650044.5175242,171,177,-6,2.51,RELEASE,False
3185,1765650044.617378,172,188,-16,2.02,HOLD,True
3190,1765650044.7327352,171,198,-27,1.19,HOLD,True
3195,1765650044.819758,170,203,-33,0.51,HOLD,True
3200,1765650044.9259243,169,202,-33,-0.48,HOLD,True
3205,1765650045.022361,169,197,-28,-0.61,HOLD,True
3210,1765650045.128472,174,187,-13,-1.71,RELEASE,False
3215,1765650045.2400508,171,177,-6,-1.77,RELEASE,False
3220,1765650045.3296437,172,170,2,-0.77,RELEASE,False
3225,1765650045.4437897,173,159,14,-2.12,HOLD,True
3230,1765650045.552149,171,151,20,-1.47,HOLD,True
3235,1765650056.2253683,151,153,-2,0.00,RELEASE,False
3240,1765650056.3191755,152,152,0,-0.28,HOLD,True
3245,1765650056.4363253,152,152,0,0.24,HOLD,True
3250,1765650056.5607502,152,149,3,-1.09,HOLD,True
3255,1765650056.668218,151,141,10,-1.88,RELEASE,False
3260,1765650056.7817063,152,132,20,-1.87,RELEASE,False
3265,1765650056.9018784,151,126,25,-0.90,RELEASE,False
3270,1765650057.0004764,152,126,26,0.44,RELEASE,False
3275,1765650057.0927823,151,131,20,1.08,HOLD,True
3280,1765650057.1969903,151,139,12,1.88,HOLD,True
3285,1765650057.2978964,152,146,6,2.03,RELEASE,False
3290,1765650057.4140186,151,154,-3,1.13,RELEASE,False
3295,1765650057.518951,152,163,-11,1.57,HOLD,True
3300,1765650057.6160378,151,170,-19,1.21,HOLD,True
3305,1765650057.7026465,152,174,-22,0.88,HOLD,True
3310,1765650057.8076272,151,176,-25,0.18,HOLD,True
3315,1765650057.9019217,152,172,-20,-1.15,HOLD,True
3320,1765650058.0419464,151,164,-13,-1.82,HOLD,True
3325,1765650058.1493435,151,157,-6,-1.34,RELEASE,False
3330,1765650058.2448535,151,151,0,-1.51,RELEASE,False
3335,1765650058.3667321,151,147,4,-0.89,RELEASE,False
3340,1765650058.465893,152,146,6,-0.15,HOLD,True
3345,1765650058.6038353,160,143,17,-0.22,HOLD,True
3350,1765650058.7205427,175,142,33,0.52,RELEASE,False
3355,1765650058.8074195,185,142,43,0.27,RELEASE,False
3360,1765650058.9289346,195,150,45,1.66,RELEASE,False
3365,1765650059.0535445,206,169,37,4.90,RELEASE,False
3370,1765650059.1596458,212,187,25,4.93,RELEASE,False
3375,1765650059.2818706,218,216,2,5.22,HOLD,True
3380,1765650059.3692205,222,231,-9,1.82,HOLD,True
3385,1765650059.511763,225,242,-17,0.87,HOLD,True
3390,1765650059.6141667,226,242,-16,0.03,HOLD,True
3395,1765650059.7340016,227,242,-15,0.00,HOLD,True
3400,1765650059.8205502,226,239,-13,-0.81,RELEASE,False
3405,1765650059.9561963,227,226,1,-2.93,RELEASE,False
3410,1765650060.057835,226,218,8,-1.34,RELEASE,False
3415,1765650060.1592758,227,213,14,-0.89,HOLD,True
3420,1765650060.2587895,226,206,20,-1.65,HOLD,True
3425,1765650060.358994,227,200,27,-1.02,RELEASE,False
3430,1765650060.4703772,226,198,28,-0.19,RELEASE,False
3435,1765650060.5499406,227,201,26,0.65,RELEASE,False
3440,1765650060.6725237,226,210,16,2.18,HOLD,True
3445,1765650060.7967708,190,222,-32,2.60,HOLD,True
3450,1765650060.9234996,121,229,-108,1.55,HOLD,True
3455,1765650061.0337958,84,229,-145,-0.01,HOLD,True
3460,1765650061.1387095,66,223,-157,-1.34,HOLD,True
3465,1765650061.2379665,66,210,-144,-2.82,HOLD,True
3470,1765650061.359104,66,194,-128,-3.21,HOLD,True
3475,1765650061.4536982,66,168,-102,-6.01,HOLD,True
3480,1765650061.537044,65,150,-85,-4.19,HOLD,True
3485,1765650061.6518464,110,118,-8,-5.97,RELEASE,False
3490,1765650061.750576,155,93,62,-4.72,RELEASE,False
3495,1765650061.8409936,184,76,108,-3.15,RELEASE,False
3500,1765650061.9506617,217,70,147,-0.29,RELEASE,False
3505,1765650062.0598602,243,70,173,-0.01,RELEASE,False
3510,1765650062.1728287,260,70,190,-0.00,RELEASE,False
3515,1765650062.261573,262,70,192,-0.00,RELEASE,False
3520,1765650062.3874042,259,77,182,3.25,RELEASE,False
3525,1765650062.4744036,258,96,162,4.45,RELEASE,False
3530,1765650062.5795274,262,120,142,6.11,RELEASE,False
3535,1765650062.7148736,259,152,107,4.25,RELEASE,False
3540,1765650062.8039129,262,179,83,4.66,RELEASE,False
3545,1765650062.9156787,259,206,53,2.74,RELEASE,False
3550,1765650063.0108132,264,240,24,5.93,RELEASE,False
3555,1765650063.0904446,270,244,26,0.31,RELEASE,False
3560,1765650063.1883922,273,244,29,0.01,RELEASE,False
3565,1765650063.3147876,276,244,32,0.00,RELEASE,False
3570,1765650063.4084694,271,244,27,0.00,RELEASE,False
3575,1765650063.5314167,279,244,35,0.00,RELEASE,False
3580,1765650063.6292555,279,244,35,0.00,RELEASE,False
3585,1765650063.730693,279,244,35,0.00,RELEASE,False
3590,1765650063.8295994,279,244,35,0.00,RELEASE,False
3595,1765650063.9270592,279,244,35,0.00,RELEASE,False
3600,1765650064.0296195,279,244,35,0.00,RELEASE,False
3605,1765650064.1374435,279,244,35,0.00,RELEASE,False
3610,1765650064.2628522,279,244,35,0.00,RELEASE,False
3615,1765650064.3628118,259,244,15,0.00,RELEASE,False
3620,1765650064.485733,232,244,-12,0.00,HOLD,True
3625,1765650064.5945225,213,244,-31,0.00,HOLD,True
3630,1765650064.698619,193,243,-50,-0.50,HOLD,True
3635,1765650064.796582,179,230,-51,-3.45,HOLD,True
3640,1765650064.8962882,168,212,-44,-4.51,HOLD,True
3645,1765650065.001683,158,188,-30,-2.83,HOLD,True
3650,1765650065.1229746,148,157,-9,-4.99,RELEASE,False
3655,1765650065.2143843,144,137,7,-2.06,HOLD,True
3660,1765650065.3145452,141,112,29,-4.16,RELEASE,False
3665,1765650065.4263694,141,93,48,-3.10,RELEASE,False
3670,1765650065.539204,141,83,58,-1.97,RELEASE,False
3675,1765650065.6525958,141,77,64,-0.59,RELEASE,False
3680,1765650065.7320292,141,77,64,-0.02,RELEASE,False
3685,1765650065.8532555,141,83,58,1.22,RELEASE,False
3690,1765650065.9464023,141,94,47,2.26,RELEASE,False
3695,1765650066.0405536,141,108,33,2.29,RELEASE,False
3700,1765650066.1630716,140,134,6,4.54,HOLD,True
3705,1765650066.287974,140,155,-15,4.42,HOLD,True
3710,1765650066.398892,140,168,-28,2.26,HOLD,True
3715,1765650066.5117261,154,174,-20,1.04,HOLD,True
3720,1765650066.606546,177,176,1,0.31,HOLD,True
3725,1765650066.702965,195,178,17,0.29,RELEASE,False
3730,1765650066.79559,210,183,27,1.60,RELEASE,False
3735,1765650066.8879926,220,190,30,1.80,RELEASE,False
3740,1765650066.978622,227,201,26,1.37,RELEASE,False
3745,1765650067.1095045,232,224,8,4.32,HOLD,True
3750,1765650067.2286668,231,240,-9,1.76,HOLD,True
3755,1765650067.3540792,232,246,-14,0.34,HOLD,True
3760,1765650067.447714,231,246,-15,0.01,HOLD,True
3765,1765650067.5684755,232,246,-14,0.00,HOLD,True
3770,1765650067.658865,231,237,-6,-1.47,RELEASE,False
3775,1765650067.778649,224,223,1,-2.58,RELEASE,False
3780,1765650067.8886693,181,213,-32,-1.27,HOLD,True
3785,1765650068.0304198,134,195,-61,-4.07,HOLD,True
3790,1765650068.123903,112,176,-64,-4.00,HOLD,True
3795,1765650068.2237694,97,153,-56,-4.47,HOLD,True
3800,1765650068.345949,88,121,-33,-8.39,RELEASE,False
3805,1765650068.462412,88,91,-3,-6.70,RELEASE,False
3810,1765650068.5793633,89,76,13,-0.90,HOLD,True
3815,1765650068.6683698,89,76,13,-0.03,RELEASE,False
3820,1765650068.7705855,89,76,13,-0.00,RELEASE,False
3825,1765650068.8784883,89,76,13,-0.00,RELEASE,False
3830,1765650068.9786727,89,71,18,-2.50,HOLD,True
3835,1765650069.083653,75,87,-12,3.20,HOLD,True
3840,1765650079.7121272,151,154,-3,0.25,RELEASE,False
3845,1765650079.834128,152,157,-5,0.70,RELEASE,False
3850,1765650079.9318855,152,158,-6,0.27,HOLD,True
3855,1765650080.0175219,151,159,-8,0.10,HOLD,True
3860,1765650080.1326098,152,157,-5,-0.75,HOLD,True
3865,1765650080.2205045,151,154,-3,-0.37,HOLD,True
3870,1765650080.3344705,152,148,4,-1.01,HOLD,True
3875,1765650080.444708,151,143,8,-0.84,RELEASE,False
3880,1765650080.545655,152,137,15,-1.21,RELEASE,False
3885,1765650080.6508348,151,133,18,-0.51,RELEASE,False
3890,1765650080.757783,152,129,23,-0.39,RELEASE,False
3895,1765650080.8820853,151,132,19,0.80,HOLD,True
3900,1765650080.9692433,152,135,17,0.81,HOLD,True
3905,1765650081.1066,151,138,13,0.81,HOLD,True
3910,1765650081.1973596,152,141,11,0.21,RELEASE,False
3915,1765650081.3340878,151,144,7,0.23,RELEASE,False
3920,1765650081.4240186,152,146,6,0.32,RELEASE,False
3925,1765650081.5362904,151,149,2,0.67,HOLD,True
3930,1765650081.6357152,152,151,1,0.71,HOLD,True
3935,1765650081.750731,151,151,0,0.02,RELEASE,False
3940,1765650081.8616338,151,152,-1,0.06,RELEASE,False
3945,1765650081.9588645,152,155,-3,0.66,RELEASE,False
3950,1765650082.0970442,152,161,-9,1.58,HOLD,True
3955,1765650082.2084756,152,165,-13,1.11,HOLD,True
3960,1765650082.32904,152,170,-18,0.91,HOLD,True
3965,1765650082.445233,152,172,-20,0.34,RELEASE,False
3970,1765650082.551401,163,174,-11,0.20,RELEASE,False
3975,1765650082.6474314,170,176,-6,0.29,RELEASE,False
3980,1765650082.7417014,179,181,-2,0.98,HOLD,True
3985,1765650082.882681,190,189,1,2.12,HOLD,True
3990,1765650082.9778793,197,195,2,1.29,HOLD,True
3995,1765650083.09691,204,202,2,1.23,RELEASE,False
4000,1765650083.2094707,211,208,3,1.13,RELEASE,False
4005,1765650083.3142786,219,215,4,1.29,RELEASE,False
4010,1765650083.4007351,224,221,3,1.20,HOLD,True
4015,1765650083.5154881,230,228,2,1.29,HOLD,True
4020,1765650083.6017094,234,232,2,0.51,HOLD,True
4025,1765650083.751518,242,238,4,1.02,RELEASE,False
4030,1765650083.862019,246,244,2,0.72,RELEASE,False
4035,1765650083.9745083,251,246,5,0.08,RELEASE,False
4040,1765650084.0668259,255,246,9,0.00,RELEASE,False
4045,1765650084.190728,259,246,13,0.00,RELEASE,False
4050,1765650084.3134089,263,246,17,0.00,RELEASE,False
4055,1765650084.4256496,266,246,20,0.00,RELEASE,False
4060,1765650084.534915,269,246,23,0.00,RELEASE,False
4065,1765650084.643901,271,246,25,0.00,RELEASE,False
4070,1765650084.749576,273,246,27,0.00,RELEASE,False
4075,1765650084.8573072,275,246,29,0.00,RELEASE,False
4080,1765650084.9804866,275,246,29,0.00,RELEASE,False
4085,1765650085.0675697,277,246,31,0.00,RELEASE,False
4090,1765650085.1934733,276,246,30,0.00,RELEASE,False
4095,1765650094.7295303,152,152,0,0.00,RELEASE,False
4100,1765650094.8337846,151,151,0,-0.25,RELEASE,False
4105,1765650094.9843943,151,146,5,-1.53,HOLD,True
4110,1765650095.068372,151,139,12,-0.95,HOLD,True
4115,1765650095.1915128,152,129,23,-1.56,RELEASE,False
4120,1765650095.2841027,151,124,27,-0.30,RELEASE,False
4125,1765650095.4065542,152,124,28,0.46,RELEASE,False
4130,1765650095.5116706,151,132,19,1.33,HOLD,True
4135,1765650095.6209812,152,141,11,1.82,HOLD,True
4140,1765650095.718925,151,149,2,1.34,HOLD,True
4145,1765650095.7977161,152,157,-5,1.48,RELEASE,False
4150,1765650095.9206166,151,166,-15,1.76,RELEASE,False
4155,1765650096.009044,152,174,-22,1.02,HOLD,True
4160,1765650096.1114624,151,182,-31,1.13,HOLD,True
4165,1765650096.2346218,152,183,-31,0.00,HOLD,True
4170,1765650096.3235214,151,179,-28,-0.75,HOLD,True
4175,1765650096.4335904,152,169,-17,-2.15,HOLD,True
4180,1765650096.5337307,151,155,-4,-1.72,RELEASE,False
4185,1765650096.6373563,152,142,10,-2.40,RELEASE,False
4190,1765650096.734022,152,131,21,-2.32,RELEASE,False
4195,1765650096.8840997,152,119,33,-2.39,RELEASE,False
4200,1765650096.9945686,152,118,34,-0.11,RELEASE,False
4205,1765650097.110789,151,120,31,0.75,RELEASE,False
4210,1765650097.2022524,152,127,25,0.80,RELEASE,False
4215,1765650097.3366382,151,142,9,2.65,RELEASE,False
4220,1765650097.4442894,151,156,-5,2.96,HOLD,True
4225,1765650097.5646772,152,168,-16,3.34,HOLD,True
4230,1765650097.660778,152,179,-27,1.85,HOLD,True
4235,1765650097.7803779,152,185,-33,1.21,HOLD,True
4240,1765650097.8776007,152,185,-33,0.04,HOLD,True
4245,1765650097.977469,153,179,-26,-1.72,HOLD,True
4250,1765650098.0919504,153,170,-17,-1.37,HOLD,True
4255,1765650098.2181332,153,152,1,-2.76,RELEASE,False
4260,1765650098.3193839,153,144,9,-1.37,HOLD,True
4265,1765650098.4564166,153,130,23,-2.48,RELEASE,False
4270,1765650098.577349,152,125,27,-0.83,RELEASE,False
4275,1765650098.6918237,153,128,25,0.76,RELEASE,False
4280,1765650098.7944305,150,136,14,1.55,RELEASE,False
4285,1765650098.9081604,153,145,8,2.33,HOLD,True
4290,1765650099.0269697,151,155,-4,2.26,HOLD,True
4295,1765650099.1283436,152,161,-9,1.45,HOLD,True
4300,1765650099.231838,149,169,-20,1.36,RELEASE,False
4305,1765650099.3160892,149,176,-27,1.23,HOLD,True
4310,1765650099.420734,151,180,-29,0.60,HOLD,True
4315,1765650099.545879,154,179,-25,-0.23,HOLD,True
4320,1765650099.671733,153,169,-16,-2.32,HOLD,True
4325,1765650099.7669013,156,156,0,-1.70,RELEASE,False
4330,1765650099.8721464,155,147,8,-2.80,RELEASE,False
4335,1765650099.9779153,153,138,15,-1.43,RELEASE,False
4340,1765650100.087288,155,133,22,-0.89,RELEASE,False
4345,1765650100.1849275,155,132,23,-0.15,RELEASE,False
4350,1765650100.2744,155,133,22,0.12,RELEASE,False
4355,1765650100.3981586,157,141,16,1.63,RELEASE,False
4360,1765650100.4920967,158,147,11,1.02,RELEASE,False
4365,1765650100.603688,158,159,-1,2.25,HOLD,True
